<!-- Os comentarios devem ter espacos no inicio e no fim, a -->

<!-- separar dos hifens -->

<!-- Nao devem ser usados caracteres especiais (p.ex. acentos) -->

<!-- Todas as tags e atributos sao obrigatorios, exceto onde for -->

<!-- referido o contrario -->

 

<!-- Na descricao abaixo, os simbolos utilizados tem o seguinte significado: -->

    <!-- ii: valor inteiro -->

    <!-- ff: valor real. Para cor e alpha, o valor varia [0.0 e 1.0] -->

    <!-- ss: sequência de caracteres -->

    <!-- cc: caracter unico. Por exemplo: "x" or "y" or "z" -->

    <!-- tt: "0" or "1" valor booleano com significado falso e verdadeiro -->

 

 

<lxs>  <!-- tag checked -->

    <!-- deve definir-se um objeto para raiz da arvore, assim -->

    <!-- como o comprimento dos tres eixos (cilindros) -->

   

    <scene root="ss" axis_length="ff" /> <!-- tag checked -->


   

    <views default="ss" > <!-- tag checked -->

        <!-- tem de existir, pelo menos, uma vista de -->

        <!-- entre as seguintes (perspective ou ortho) -->

       

        <perspective id="ss" near="ff" far="ff" angle="ff">

            <from x="ff" y="ff" z="ff" />

            <to x="ff" y="ff" z="ff" />

        </perspective>

       

        <ortho id="ss"  near="ff" far="ff" left="ff" right="ff" top="ff" bottom="ff" >

            <from x="ff" y="ff" z="ff" />

            <to x="ff" y="ff" z="ff" />

            <up x="ff" y="ff" z="ff" /> <!-- opcional, default 0,1,0 -->

        </ortho>


    </views>



    <globals>   <!-- tag checked -->

        <ambient r="ff" g="ff" b="ff" a="ff" />

        <background r="ff" g="ff" b="ff" a="ff" />

    </globals>



    <lights> <!-- tag checked -->

        <!-- Deve existir um ou mais blocos "omni" ou "spot" -->

        <!-- Os identificadores "id" nao podem ser repetidos -->

       

        <omni id="ss" enabled="tt" >

            <location x="ff" y="ff" z="ff" w="ff" />

            <ambient r="ff" g="ff" b="ff" a="ff" />

            <diffuse r="ff" g="ff" b="ff" a="ff" />

            <specular r="ff" g="ff" b="ff" a="ff" />

            <attenuation constant="ff" linear="ff" quadratic="ff" />  

        </omni>

       

        <spot id="ss" enabled="tt" angle="ff" exponent="ff">

            <!-- atencao, "target" e' diferente de "direction" -->

           

            <location x="ff" y="ff" z="ff" w="ff" />

            <target x="ff" y="ff" z="ff" />

            <ambient r="ff" g="ff" b="ff" a="ff" />

            <diffuse r="ff" g="ff" b="ff" a="ff" />

            <specular r="ff" g="ff" b="ff" a="ff" />

            <attenuation constant="ff" linear="ff" quadratic="ff" />

        </spot>

       

    </lights>

 

 

    <textures>   <!-- tag checked -->

        <!-- Deve existir um ou mais blocos "texture" -->

        <!-- Os identificadores "id" nao podem ser repetidos -->

        <!-- o valor do campo "ficheiro" deve ser o caminho relativo para a imagem -->

        <!-- o ficheiro deve ter extensao .jpg ou .png -->

        <!-- preferencialmente as dimensoes do ficheiro devem ser potencia de 2 -->

        <texture id="ss" file="ss" />

     

    </textures>


   

    <materials>  <!-- tag checked -->

        <!-- Deve existir um ou mais blocos "material" -->

        <!-- Os identificadores "id" nao podem ser repetidos -->

       

        <material id="ss" shininess = "ff" >

            <emission r="ff" g="ff" b="ff" a="ff" />

            <ambient r="ff" g="ff" b="ff" a="ff" />

            <diffuse r="ff" g="ff" b="ff" a="ff" />

            <specular r="ff" g="ff" b="ff" a="ff" />

        </material>

       

    </materials>



    <transformations> <!-- tag checked -->

        <!-- Deve existir um ou mais blocos "transformation" -->

        <!-- Os identificadores "id" nao podem ser repetidos -->

        <!-- Os angulos sao expressos em graus -->

       

        <transformation id="ss">

            <!-- instrucoes a usar sem limite nem ordem -->

            <!-- deve existir pelo menos uma transformacao -->

            <translate x="ff" y="ff" z="ff" />

            <rotate axis="cc" angle="ff" />

            <scale x="ff" y="ff" z="ff" />

      </transformation>

       

    </transformations>

    <!--informacao de animacao -->

<!-- o bloco "animations" deve ser declarado -->

<!-- imediatamente antes do bloco  "primitives" -->

<animations>

    <!-- O bloco animations pode ser vazio, isto é, pode -->

    <!-- não ser declarada qualquer animação -->

    <animation id=“ss” >

        <!-- Deve existir pelo menos 1 elemento keyframe. -->

        <!-- instant e’ o tempo expresso em segundos -->

        <!-- desde o inicio da animação. -->

        <keyframe instant=“ff”>

            <!-- translate, rotate e scale representam as -->

            <!-- quantidades das transformações -->

            <!-- correspondentes, medidas em relação à -->

            <!-- situação inicial (instante zero) --> -->

            <!-- Para uma mesma keyframe, os elementos -->

            <!-- translate, rotate e scale sao obrigatorios -->

            <!-- e fornecidos por esta ordem -->

            <!-- a instrução rotação corresponde a:       -->

            <!--    <rotate axis="x" angle="angle_x" />   -->

            <!--    <rotate axis="y" angle="angle_y" />   -->

            <!--    <rotate axis="z" angle="angle_z" />   -->
            <translate x="ff" y="ff" z="ff" />
            <rotate angle_x="ff" angle_y="ff" angle_z="ff" />
            <scale x="ff" y="ff" z="ff" />
        </keyframe>

    </animation>

</animations>


    <primitives>

        <!-- Uma "primitive" corresponde à noção de "folha" -->

        <!-- Deve existir um ou mais blocos "primitive" -->

        <!-- Os identificadores "id" nao podem ser repetidos -->

       

        <primitive id="ss">

            <!-- apenas pode existir UMA das seguintes tags: -->

            <!--    rectangle, triangle, cylinder, sphere, torus -->

            <!-- os parametros devem ser interpretados, genericamente, -->

            <!-- como em WebGL; -->

            <!-- importante: consultar o tópico Geometria de Quadricas -->

            <!-- disponível no MOODLE relativamente 'a orientacao das quadricas -->

            <!-- assim como o documento sobre as coordenadas dos triangulos -->

            <!-- Nova primitiva: plano, gerado por NURBS -->
            <!-- ex: <plane npartsU=“5” npartsU=“8” /> -->
            <!-- um plano de dimensões 1 x 1 unidades assente -->
            <!-- em XZ, centrado na origem -->
            <!-- e com a face visível apontando para +Y -->
            <!-- com divisão em cinco partes por oito partes -->

            <plane npartsU=“ii” npartsV=“ii” />
                <!-- Nova primitiva: patch, gerada por NURBS -->
                <!-- — parâmetros: -->
                <!-- — npartsU: divisão em partes no domínio U a -->
                <!-- ser usada para o cálculo da superfície -->
                <!-- — npartsV: divisão em partes no domínio V -->
                <!-- a ser usada para o cálculo da superficie -->
                <!-- - o número de pontos de controlo dentro da -->
                <!-- primitiva patch é npointsU * npointsV -->

            <patch npointsU=“ii” npointsV=“ii” npartsU=“ii” npartsV=“ii” >
                <controlpoint xx=“ff” yy=“ff” zz=“ff” />
            </patch>

            <rectangle x1="ff" y1="ff" x2="ff" y2="ff" />

            <triangle   x1="ff" y1="ff" z1="ff"

                        x2="ff" y2="ff" z2="ff"

                        x3="ff" y3="ff" z3="ff" />

            <!-- — Nova primitiva: cilindro baseado em NURBS -->
            <!-- parâmetros iguais ao cilindro original -->
            <cylinder base="ff" top="ff" height="ff" slices="ii" stacks="ii" />

            <sphere radius="ff" slices="ii" stacks="ii" />

            <torus inner="ff" outer="ff" slices="ii" loops="ii" />
           
        </primitive >

    </primitives >

 

 

    <components>

       

        <component id="ss">

            <!-- Uma "component" e' um objeto composto e pode ser -->

            <!--      usada em nos intermédios -->

            <!-- bloco "transformation" e' obrigatorio -->

           

            <transformation>

                <!-- deve conter uma referencia a uma das "transformation" -->

                <!-- declaradas anteriormente -->

               

                <transformationref id="ss" />

           

                <!-- ou, ALTERNATIVAMENTE, transformacoes explicitas, -->

                <!-- usando zero ou mais das instrucoes seguintes, sem -->

                <!--        limite nem ordem -->

                <!-- ex: bloco transformation pode ficar sem conteudo -->

               

                <translate x="ff" y="ff" z="ff" />

                <rotate axis="cc" angle="ff" />

                <scale x="ff" y="ff" z="ff" />

            </transformation>

   

            <!-- declaracao obrigatoria de pelo menos um material; -->

            <!-- o material id="inherit", mantem (herda) material do "pai" -->

            <!-- se varios materiais declarados, o default e' o -->

            <!-- primeiro material; de cada vez que se pressione a tecla m/M, -->

            <!-- o material muda para o proximo material da lista; do -->

            <!-- ultimo material da lista volta ao primeiro -->

            <!-- O comportamento despoletado pela tecla m/M deve ser aplicado -->

            <!-- simultaneamente a todos os nos do grafo de cena -->      

           

            <materials>

                <material id="ss" />

            </materials>

                       

            <!-- declaracao obrigatoria de texture -->

            <!-- id="inherit" mantem (herda) a textura do objecto "pai" -->

            <!-- id="none" remove a textura recebida do pai -->

            <!-- a textura declarada sobrepoe a textura recebida do -->

            <!-- objecto "pai" -->

            <!-- length_s e length_t sao fatores de escala de textura:-->

            <!-- Exemplo length_s=3.0: uma ocorrencia da textura, em -->

            <!-- comprimento, deve cobrir um comprimento igual -->

            <!-- a 3 unidades;  -->

            <!-- Exemplo length_t=0.4, uma ocorrencia da textura, em -->

            <!-- largura, deve cobrir uma largura igual a 0.4 unidades.  -->

            <!-- E' permitido que objetos afetados por Transf. Geometr. -->

             <!-- do tipo escalamento violem esta regra.        -->

            <!-- Nao e' necessario aplicar fatores de escala em superficies -->

            <!-- quadricas (esfera, cilindro...) -->

           

            <texture id="ss" length_s="ff" length_t="ff" />

           

            <!-- bloco "children" obrigatorio num "component" -->

            <children>

                    <!-- deve existir uma ou mais tags "componentref" e/ou -->

                    <!-- "primitiveref", identificando outros -->

                    <!-- componentes ou primitivas -->

                   

                    <componentref id="ss" />

                    <primitiveref id="ss" />

             </children>

        </component>        

    </components>

   

</lxs>

