<lxs>
    <scene root="Root" axis_length="0.1"/>

    <views default="defaultCamera">
        <perspective id="defaultCamera" near="0.1" far="500" angle="45">
            <from x="0" y="49" z="30" />
            <to x="0" y="0" z="0" />
        </perspective>

        <perspective id="upCamera" near="0.1" far="500" angle="45">
            <from x="10" y="45" z="0" />
            <to x="0" y="0" z="0" />
        </perspective>
    </views>

    <globals>
        <ambient r="0.30" g="0.30" b="0.30" a="1.0" />
        <background r="0.0" g="0.0" b="0.0" a="1.0" />
    </globals>

    <lights>
        <omni id="BrownPiecesLight" enabled="1">
            <location x="0" y="5" z="-20" w="1.0" />
            <ambient r="1.0" g="1.0" b="1.0" a="1.0" />
            <diffuse r="1.0" g="1.0" b="1.0" a="1.0" />
            <specular r="1.0" g="1.0" b="1.0" a="1.0" />
            <attenuation constant="1.0" linear="0" quadratic="0" /> 
        </omni>

        <omni id="WhitePiecesLight" enabled="1">
            <location x="0" y="5" z="10" w="1.0" />
            <ambient r="1.0" g="1.0" b="1.0" a="1.0" />
            <diffuse r="1.0" g="1.0" b="1.0" a="1.0" />
            <specular r="1.0" g="1.0" b="1.0" a="1.0" />
            <attenuation constant="1.0" linear="0" quadratic="0" /> 
        </omni>

    </lights>

    <textures>
        <texture id="starTexture" file="scenes/images/star.jpg" />
        <texture id="trunkTexture" file="scenes/images/tree.jpg" />
        <texture id="grassTexture" file="scenes/images/grass.jpg" />
        <texture id="redTexture" file="scenes/images/red.jpg" />
    </textures>

    <materials>
        <material id="blackMaterial" shininess="1">
            <emission r="0.0" g="0.0" b="0.0" a="0.0" />
            <ambient r="0.0" g="0.0" b="0.0" a="1.0" />
            <diffuse r="0.1" g="0.1" b="0.1" a="1.0" />
            <specular r="0.0" g="0.0" b="0.0" a="1.0" />
        </material>

        <material id="brownMaterial" shininess="1">
            <emission r="0.00" g="0.00" b="0.0" a="0.0" />
            <ambient r="0.50" g="0.30" b="0.05" a="1.0" />
            <diffuse r="1.0" g="0.40" b="0.10" a="1.0" />
            <specular r="1.0" g="0.40" b="0.10" a="1.0" />
        </material>

        <material id="whiteMaterial" shininess="1">
            <emission r="0.00" g="0.00" b="0.00" a="0.0" />
            <ambient r="0.70" g="0.60" b="0.50" a="1.0" />
            <diffuse r="1.0" g="1.0" b="1.0" a="1.0" />
            <specular r="1.0" g="1.0" b="1.0" a="1.0" />
        </material>

        <material id="orangeMaterial" shininess="1">
            <emission r="0.00" g="0.00" b="0.00" a="0.0" />
            <ambient r="1.00" g="0.40" b="0.0" a="1.0" />
            <diffuse r="1.0" g="1.0" b="0.0" a="1.0" />
            <specular r="1.0" g="1.0" b="0.0" a="1.0" />
        </material>

        <material id="redMaterial" shininess="1">
            <emission r="0.00" g="0.00" b="0.00" a="0.0" />
            <ambient r="1.00" g="0.0" b="0.0" a="1.0" />
            <diffuse r="1.00" g="0.0" b="0.0" a="1.0" />
            <specular r="1.0" g="0.0" b="0.0" a="1.00" />
        </material>

        <material id="greenMaterial" shininess="1">
            <emission r="0.00" g="0.00" b="0.00" a="0.0" />
            <ambient r="0.00" g="0.10" b="0.05" a="1.0" />
            <diffuse r="0.00" g="0.30" b="0.10" a="1.0" />
            <specular r="0.00" g="0.60" b="0.0" a="1.0" />
        </material>

        <material id="greenMaterial1" shininess="1">
            <emission r="0.00" g="0.00" b="0.00" a="0.0" />
            <ambient r="0.00" g="0.30" b="0.10" a="1.0" />
            <diffuse r="0.00" g="0.10" b="0.05" a="1.0" />
            <specular r="0.10" g="1.00" b="0.30" a="1.0" />
        </material>

        <material id="greenMaterial2" shininess="1">
            <emission r="0.00" g="0.00" b="0.00" a="0.0" />
            <ambient r="0.00" g="0.60" b="0.0" a="1.0" />
            <diffuse r="0.10" g="0.80" b="0.10" a="1.0" />
            <specular r="0.10" g="1.00" b="0.30" a="1.0" />
        </material>

        <material id="skyboxMaterial" shininess="1">
            <emission r="0.00" g="0.00" b="0.00" a="1.0" />
            <ambient r="0.10" g="0.10" b="0.8" a="1.0" />
            <diffuse r="0.10" g="0.10" b="0.40" a="1.0" />
            <specular r="0.3" g="0.3" b="0.2" a="1.0" />
        </material>

    </materials>

    <!-- where are the transformations of complete objcts, to become easier to move them around -->
    <transformations>
        <transformation id="identityTransform" >
            <scale x="1.0" y="1.0" z="1.0" /> 
        </transformation>
    </transformations>

    <animations>

    </animations>

    <primitives>
        <primitive id="rectangle">
            <rectangle x1="-0.5" y1="-0.5" x2="0.5" y2="0.5" />
        </primitive>

        <primitive id="triangle3D">
            <patch npointsU="3" npointsV="2" npartsU="2" npartsV="2" >
                <controlpoint xx="0.0" yy="0.0" zz="0.0" />
                <controlpoint xx="0.499" yy="0.8" zz="0.0" />
                <controlpoint xx="0.5" yy="0.0" zz="0.2" />
                <controlpoint xx="0.5" yy="0.8" zz="0.0" />
                <controlpoint xx="1.0" yy="0.0" zz="0.0" />
                <controlpoint xx="0.5001" yy="0.8" zz="0.0" />
            </patch>
        </primitive>

        <primitive id="cylinder">
            <cylinder base="1" top="1" height="2" slices="16" stacks="16" />
        </primitive>

        <primitive id="piece">
            <cylinder base="1" top="0" height="3" slices="16" stacks="16" />
        </primitive>

        <primitive id="cone">
            <cylinder base="2" top="0" height="3" slices="16" stacks="16" />
        </primitive>

        <primitive id="cone1">
            <cylinder base="1.5" top="0" height="2.5" slices="16" stacks="16" />
        </primitive>

        <primitive id="cone2">
            <cylinder base="1" top="0" height="1.5" slices="16" stacks="16" />
        </primitive>

        <primitive id="sphere">
            <sphere radius="1" slices="18" stacks="18" />
        </primitive>

        <primitive id="torus">
            <torus inner="0.1" outer="1.2" slices="18" loops="18" />
        </primitive>

        <primitive id="rectangle2sides">
            <cylinder base="0.5" top="0.5" height="3" slices="2" stacks="2" />
        </primitive>

        <primitive id="present">
            <cube />
        </primitive>

        <primitive id="presentTie">
            <cylinder base="0.4" top="0.4" height="0.3" slices="6" stacks="6" />
        </primitive>

    </primitives>

    <components>
        <component id="Root">
            <transformation>
                <transformationref id="identityTransform" />
            </transformation>
            <materials>
                <material id="blackMaterial" />
            </materials>
            <texture id="none"/>
            <children>
                <componentref id="skybox" />    
                <componentref id="tree" /> 
                <componentref id="snowman" /> 
                <componentref id="present1" /> 
                <componentref id="present2" /> 
            </children>
        </component>


        <component id="star">
            <transformation>
                <translate x="-0.5" y="0" z="2.1" />
                <rotate axis="x" angle="-90" />
            </transformation>
            <materials>
                <material id="whiteMaterial" />
            </materials>
            <texture id="none"/>
            <children>
                <componentref id="halfStarabove" />
                <componentref id="halfStardown" />            
            </children>
        </component>

        <component id="halfStardown">
            <transformation>
                <translate x="1" y="0.5" z="0" />
                <rotate axis="z" angle="180" />
            </transformation>
            <materials>
                <material id="inherit" />
            </materials>
            <texture id="starTexture" length_s="1.0" length_t="1.0"/>
            <children>
                <primitiveref id="triangle3D" />
                <componentref id="backHalfStardown" />
            </children>
        </component>     

        <!-- stars can be seen from both sides -->
        <component id="backHalfStardown">
            <transformation>
                <translate x="0" y="0.5" z="0" />
                <rotate axis="x" angle="180" />
            </transformation>
            <materials>
                <material id="inherit" />
            </materials>
            <texture id="starTexture" length_s="1.0" length_t="1.0"/>
            <children>
                <primitiveref id="triangle3D" />
            </children>
        </component>

        <component id="halfStarabove">
            <transformation>
                <transformationref id="identityTransform"/>              
            </transformation>
            <materials>
                <material id="whiteMaterial" />
            </materials>
            <texture id="starTexture" length_s="1.0" length_t="1.0"/>
            <children>
                <primitiveref id="triangle3D" />
                <componentref id="backHalfStarAbove" /> <!-- back of the star, in the same place, but seen from the other side -->
            </children>
        </component>

        <component id="backHalfStarAbove">
            <transformation>
                <translate x="0" y="0.5" z="0" />
                <rotate axis="x" angle="180" />                
            </transformation>
            <materials>
                <material id="inherit" />
            </materials>
            <texture id="starTexture" length_s="1.0" length_t="1.0"/>
            <children>
                <primitiveref id="triangle3D" />
            </children>
        </component>

        <!-- skybox below --> 
        <component id="skybox">
            <transformation>
                <translate x="0" y="10" z="0"/>
                <scale x="180" y="180" z="180" /> 
            </transformation>
            <materials>
                <material id="whiteMaterial" />
            </materials>
                <!-- length is so small for texture to repeat over and over -->
                <texture id="none"/>
            <children>
                <componentref id="frontSkybox" />
                <componentref id="topSkybox" />
                <componentref id="bottomSkybox" />
                <componentref id="backSkybox" />                
                <componentref id="rightSkybox" />
                <componentref id="leftSkybox" /> 
                <componentref id="ground" />
            </children>
        </component>

        <component id="frontSkybox">
            <transformation>
                <translate x="0" y="0" z="0.5" />
                <rotate axis="y" angle="180" /> 
            </transformation>
            <materials>
                <material id="skyboxMaterial" />
            </materials>
            <texture id="none"/>
            <children>
                <primitiveref id="rectangle" />
            </children>
        </component> 

        <component id="topSkybox">
            <transformation>
                <translate x="0" y="0.5" z="0" />
                <rotate axis="x" angle="90" />
            </transformation>
            <materials>
                <material id="skyboxMaterial" />
            </materials>
            <texture id="none"/>
            <children>
                <primitiveref id="rectangle" />
            </children>
        </component> 

       <component id="backSkybox">
            <transformation>
                <translate x="0" y="0" z="-0.5" />
            </transformation>
            <materials>
                <material id="skyboxMaterial" />
            </materials>
            <texture id="none"/>
            <children>
                <primitiveref id="rectangle" />
            </children>
        </component>    

        <component id="rightSkybox">
            <transformation>
                <translate x="-0.5" y="0" z="0" />
                <rotate axis="y" angle="90" />
            </transformation>
            <materials>
                <material id="skyboxMaterial" />
            </materials>
            <texture id="none"/>
            <children>
                <primitiveref id="rectangle" />
            </children>
        </component>     

        <component id="bottomSkybox">
            <transformation>
                <translate x="0" y="-0.50" z="0" />
                <rotate axis="x" angle="-90" />
            </transformation>
            <materials>
                <material id="skyboxMaterial" />
            </materials>
            <texture id="none"/>
            <children>
                <primitiveref id="rectangle" />
            </children>
        </component>  

        <component id="leftSkybox">
            <transformation>
                <translate x="0.5" y="0" z="0" />
                <rotate axis="y" angle="-90" />
            </transformation>
            <materials>
                <material id="skyboxMaterial" />
            </materials>
            <texture id="none"/>
            <children>
                <primitiveref id="rectangle"  />
            </children>
        </component>

        <component id="ground">
            <transformation>
                <translate x="0" y="-0.056" z="0" />
                <rotate axis="x" angle="-90" />
            </transformation>
            <materials>
                <material id="brownMaterial" />
            </materials>
            <texture id="grassTexture" length_s="0.1" length_t="0.1"/>
            <children>
                <primitiveref id="rectangle" />
            </children>
        </component>  

        <component id="tree">
            <transformation>
                <translate x="-20" y="0" z="5" />
            </transformation>
            <materials>
                <material id="greenMaterial" />
            </materials>
            <texture id="none" />
            <children>
                <componentref id="treeTrunk" />
                <componentref id="treePart1" />
                <componentref id="treePart2" />
                <componentref id="treePart3" />
            </children>
        </component>

        <component id="treeTrunk">
            <transformation>
                <rotate axis="x" angle="-90" />
                <scale x="0.50" y="0.50" z="1.0" />
            </transformation>
            <materials>
                <material id="whiteMaterial" />
            </materials>
            <texture id="trunkTexture" length_s="0.5" length_t="0.5"/>
            <children>
                <primitiveref id="cylinder" />
            </children>
        </component>

        <component id="treePart1">
            <transformation>
                <rotate axis="x" angle="-90" />
                <translate x="0" y="0" z="4.3" />
            </transformation>
            <materials>
                <material id="inherit" />
                <material id="greenMaterial1" />
                <material id="greenMaterial2" />
            </materials>
            <texture id="none"/>
            <children>
                <primitiveref id="cone2" />
                <componentref id="ball1" />
                <componentref id="ball2" />
                <componentref id="ball3" />
                <componentref id="star" />
            </children>
        </component>

        <component id="treePart2">
            <transformation>
                <rotate axis="x" angle="-90" />
                <translate x="0" y="0" z="2.8" />
            </transformation>
            <materials>
                <material id="inherit" />
                <material id="greenMaterial1" />
                <material id="greenMaterial2" />
            </materials>
            <texture id="none"/>
            <children>
                <primitiveref id="cone1" />
                <componentref id="ball4" />
                <componentref id="ball5" />
                <componentref id="ball6" />
            </children>
        </component>

        <component id="treePart3">
            <transformation>
                <rotate axis="x" angle="-90" />
                <translate x="0" y="0" z="1" />
            </transformation>
            <materials>
                <material id="inherit" />
                <material id="greenMaterial1" />
                <material id="greenMaterial2" />
            </materials>
            <texture id="none"/>
            <children>
                <primitiveref id="cone" />
                <componentref id="ball7" />
                <componentref id="ball8" />
                <componentref id="ball9" />
                <componentref id="ball10" />
                <componentref id="ball11" />
                <componentref id="ball12" />
            </children>
        </component>

        <component id="ball1">
            <transformation>
                <translate x="0.7" y="0" z="0.6" />
                <scale x="0.25" y="0.25" z="0.25" />
            </transformation>
            <materials>
                <material id="whiteMaterial" />
                <material id="inherit" />
            </materials>
            <texture id="redTexture" length_s="1" length_t="1"/>
            <children>
                <primitiveref id="sphere" />
            </children>
        </component>

        <component id="ball2">
            <transformation>
                <translate x="-0.7" y="0.4" z="0.6" />
                <scale x="0.25" y="0.25" z="0.25" />
            </transformation>
            <materials>
                <material id="whiteMaterial" />
                <material id="inherit" />
            </materials>
            <texture id="redTexture" length_s="1" length_t="1"/>
            <children>
                <primitiveref id="sphere" />
            </children>
        </component>

        <component id="ball3">
            <transformation>
                <translate x="-0.5" y="-0.5" z="0.6" />
                <scale x="0.25" y="0.25" z="0.25" />
            </transformation>
            <materials>
                <material id="whiteMaterial"/>
                <material id="inherit" />
            </materials>
            <texture id="redTexture" length_s="1" length_t="1"/>
            <children>
                <primitiveref id="sphere" />
            </children>
        </component>

        <component id="ball4">
            <transformation>
                <translate x="1.5" y="0" z="0.3" />
                <scale x="0.25" y="0.25" z="0.25" />
            </transformation>
            <materials>
                <material id="whiteMaterial" />
                <material id="inherit" />
            </materials>
            <texture id="redTexture" length_s="1" length_t="1"/>
            <children>
                <primitiveref id="sphere" />
            </children>
        </component>

        <component id="ball5">
            <transformation>
                <translate x="-1" y="0" z="0.7" />
                <scale x="0.25" y="0.25" z="0.25" />
            </transformation>
            <materials>
                <material id="whiteMaterial" />
                <material id="inherit" />
            </materials>
            <texture id="redTexture" length_s="1" length_t="1"/>
            <children>
                <primitiveref id="sphere" />
            </children>
        </component>

        <component id="ball6">
            <transformation>
                <translate x="1" y="0.8" z="0.9" />
                <scale x="0.25" y="0.25" z="0.25" />
            </transformation>
            <materials>
                <material id="whiteMaterial"/>
                <material id="inherit" />
            </materials>
            <texture id="redTexture" length_s="1" length_t="1"/>
            <children>
                <primitiveref id="sphere" />
            </children>
        </component>

        <component id="ball7">
            <transformation>
                <translate x="1.7" y="0" z="0.6" />
                <scale x="0.25" y="0.25" z="0.25" />
            </transformation>
            <materials>
                <material id="whiteMaterial" />
                <material id="inherit" />
            </materials>
            <texture id="redTexture" length_s="1" length_t="1"/>
            <children>
                <primitiveref id="sphere" />
            </children>
        </component>

        <component id="ball8">
            <transformation>
                <translate x="-1.6" y="0.4" z="1" />
                <scale x="0.25" y="0.25" z="0.25" />
            </transformation>
            <materials>
                <material id="whiteMaterial" />
                <material id="inherit" />
            </materials>
            <texture id="redTexture" length_s="1" length_t="1"/>
            <children>
                <primitiveref id="sphere" />
            </children>
        </component>

        <component id="ball9">
            <transformation>
                <translate x="-1.7" y="-0.7" z="0.6" />
                <scale x="0.25" y="0.25" z="0.25" />
            </transformation>
            <materials>
                <material id="whiteMaterial"/>
                <material id="inherit" />
            </materials>
            <texture id="redTexture" length_s="1" length_t="1"/>
            <children>
                <primitiveref id="sphere" />
            </children>
        </component>

        <component id="ball10">
            <transformation>
                <translate x="0" y="-1.8" z="0.3" />
                <scale x="0.25" y="0.25" z="0.25" />
            </transformation>
            <materials>
                <material id="whiteMaterial"/>
                <material id="inherit" />
            </materials>
            <texture id="redTexture" length_s="1" length_t="1"/>
            <children>
                <primitiveref id="sphere" />
            </children>
        </component>

        <component id="ball11">
            <transformation>
                <translate x="0" y="1.8" z="0.25" />
                <scale x="0.25" y="0.25" z="0.25" />
            </transformation>
            <materials>
                <material id="whiteMaterial"/>
                <material id="inherit" />
            </materials>
            <texture id="redTexture" length_s="1" length_t="1"/>
            <children>
                <primitiveref id="sphere" />
            </children>
        </component>

        <component id="ball12">
            <transformation>
                <translate x="0" y="-1" z="3" />
                <scale x="0.2" y="0.2" z="0.2" />
            </transformation>
            <materials>
                <material id="whiteMaterial"/>
                <material id="inherit" />
            </materials>
            <texture id="redTexture" length_s="1" length_t="1"/>
            <children>
                <primitiveref id="sphere" />
            </children>
        </component>

        <component id="snowman">
            <transformation>
                <translate x="30" y="0" z="8" />
                <scale x="1.2" y="1.2" z="1.2" />
            </transformation>
            <materials>
                <material id="whiteMaterial" />
            </materials>
            <texture id="none"/>
            <children>
                <componentref id="snowmanPart1" />
                <componentref id="snowmanPart2" />
                <componentref id="scarf" />
                <componentref id="nose" />
                <componentref id="eye1" />
                <componentref id="eye2" />
                <componentref id="scarfPart1" />
                <componentref id="scarfPart2" />
            </children>
        </component>

        <component id="snowmanPart1">
            <transformation>
                <translate x="0" y="1" z="0" />
                <scale x="2" y="2.1" z="2" />
            </transformation>
            <materials>
                <material id="whiteMaterial" />
            </materials>
            <texture id="none" />
            <children>
                <primitiveref id="sphere" />
            </children>
        </component>

        <component id="snowmanPart2">
            <transformation>
                <translate x="0" y="3.5" z="0" />
                <scale x="1.3" y="1.5" z="1.3" />
            </transformation>
            <materials>
                <material id="whiteMaterial" />
            </materials>
            <texture id="none" />
            <children>
                <primitiveref id="sphere" />
            </children>
        </component>

        <component id="nose">
            <transformation>
                <translate x="-1.1" y="3.6" z="0" />
                <rotate axis="y" angle="-90" />
                <scale x="0.3" y="0.3" z="0.76" />
            </transformation>
            <materials>
                <material id="orangeMaterial" />
            </materials>
            <texture id="none" />
            <children>
                <primitiveref id="cone2" />
            </children>
        </component>

        <component id="eye1">
            <transformation>
                <translate x="-0.8" y="4.23" z="0.5" />
                <scale x="0.2" y="0.2" z="0.2" />
            </transformation>
            <materials>
                <material id="blackMaterial" />
            </materials>
            <texture id="none" />
            <children>
                <primitiveref id="sphere" />
            </children>
        </component>

        <component id="eye2">
            <transformation>
                <translate x="-0.8" y="4.23" z="-0.5" />
                <scale x="0.2" y="0.2" z="0.2" />
            </transformation>
            <materials>
                <material id="blackMaterial" />
            </materials>
            <texture id="none" />
            <children>
                <primitiveref id="sphere" />
            </children>
        </component>

        <component id="scarf">
            <transformation>
                <translate x="0" y="2.6" z="0" />
                <rotate axis="x" angle="-90" />
                <scale x="1" y="1" z="4" />
            </transformation>
            <materials>
                <material id="redMaterial" />
            </materials>
            <texture id="none" />
            <children>
                <primitiveref id="torus" />
            </children>
        </component>

        <component id="scarfPart1">
            <transformation>
                <translate x="0" y="1" z="-2.8" />
                <rotate axis="x" angle="-50" />
            </transformation>
            <materials>
                <material id="redMaterial" />
            </materials>
            <texture id="none" />
            <children>
                <primitiveref id="rectangle2sides" />
            </children>
        </component>

        <component id="scarfPart2">
            <transformation>
                <translate x="-2" y="0.8" z="-2.2" />
                <rotate axis="y" angle="50" />
                <rotate axis="x" angle="-50" />
            </transformation>
            <materials>
                <material id="redMaterial" />
            </materials>
            <texture id="none" />
            <children>
                <primitiveref id="rectangle2sides" />
            </children>
        </component>

        <component id="present1">
            <transformation>
                <translate x="-30" y="0" z="-2" />
                <scale x="1" y="1" z="2" />
            </transformation>
            <materials>
                <material id="redMaterial" />
            </materials>
            <texture id="none" />
            <children>
                <primitiveref id="present" />
                <componentref id="tie" />
                <componentref id="tie1" /> 
                <componentref id="tie2" />
                <componentref id="tie3" />
                <componentref id="tie4" />
                <componentref id="tie5" />
            </children>
        </component>

        <component id="present2">
            <transformation>
                <translate x="30" y="0" z="17" />
                <scale x="1" y="1" z="2" />
            </transformation>
            <materials>
                <material id="redMaterial" />
            </materials>
            <texture id="none" />
            <children>
                <primitiveref id="present" />
                <componentref id="tie" />
                <componentref id="tie1" /> 
                <componentref id="tie2" />
                <componentref id="tie3" />
                <componentref id="tie4" />
                <componentref id="tie5" />
            </children>
        </component>

        <component id="tie">
            <transformation>
                <translate x="0.08" y="-1" z="1.01" />
                <rotate axis="x" angle="-90" />
                <scale x="0.50" y="0.7" z="0.74" />
            </transformation>
            <materials>
                <material id="greenMaterial1" />
                <material id="greenMaterial2" />
            </materials>
            <texture id="none" />
            <children>
                <primitiveref id="rectangle2sides" />
            </children>
        </component>

        <component id="tie1">
            <transformation>
                <translate x="0.08" y="-1" z="-1.01" />
                <rotate axis="x" angle="-90" />
                <scale x="0.50" y="0.7" z="0.74" />
            </transformation>
            <materials>
                <material id="greenMaterial1" />
                <material id="greenMaterial2" />
            </materials>
            <texture id="none" />
            <children>
                <primitiveref id="rectangle2sides" />
            </children>
        </component>

        <component id="tie2">
            <transformation>
                <translate x="0.07" y="1.01" z="-1" />
                <scale x="0.5" y="1" z="0.67" />
            </transformation>
            <materials>
                <material id="greenMaterial1" />
                <material id="greenMaterial2" />
            </materials>
            <texture id="none" />
            <children>
                <primitiveref id="rectangle2sides" />
            </children>
        </component>

        <component id="tie3">
            <transformation>
                <translate x="1.00" y="1.01" z="0" />
                <rotate axis="y" angle="-90" />
                <scale x="0.5" y="1" z="0.66" />
            </transformation>
            <materials>
                <material id="greenMaterial1" />
                <material id="greenMaterial2" />
            </materials>
            <texture id="none" />
            <children>
                <primitiveref id="rectangle2sides" />
            </children>
        </component>

        <component id="tie4">
            <transformation>
                <translate x="1.01" y="-0.50" z="0.01" />
                <rotate axis="x" angle="-90" />
                <rotate axis="z" angle="90" />
                <scale x="0.45" y="0.5" z="0.55" />
            </transformation>
            <materials>
                <material id="greenMaterial1" />
                <material id="greenMaterial2" />
            </materials>
            <texture id="none" />
            <children>
                <primitiveref id="rectangle2sides" />
            </children>
        </component>

        <component id="tie5">
            <transformation>
                <translate x="-1.01" y="-0.50" z="0.01" />
                <rotate axis="x" angle="-90" />
                <rotate axis="z" angle="90" />
                <scale x="0.45" y="0.5" z="0.55" />
            </transformation>
            <materials>
                <material id="greenMaterial1" />
                <material id="greenMaterial2" />
            </materials>
            <texture id="none" />
            <children>
                <primitiveref id="rectangle2sides" />
            </children>
        </component>

    </components>
</lxs>